Symbol,Aliases,Full_Name,Function,Ensembl_Gene_ID,source_databases,protein_reproductive,protein_thymus,protein_reliability,rna_reproductive,rna_thymus,protein_strict_expression,rna_reproductive_frac,rna_reproductive_and_thymus_frac,rna_deflated_reproductive_frac,rna_deflated_reproductive_and_thymus_frac,Canonical_Transcript_ID,biotype,rna_80_pct_filter,rna_90_pct_filter,rna_95_pct_filter,rna_99_pct_filter,filtered,rna_max_ntpm,never_expressed
NUTM1,,,cancer-testis antigen,ENSG00000184507,CTpedia;daSilva2017,True,False,Enhanced,True,False,testis,0.9648,0.9648,1.0,1.0,ENST00000333756,protein_coding,True,True,True,True,True,19.2,False
CAGE1,,,cancer-testis antigen,ENSG00000164304,CTpedia;daSilva2017,no data,no data,no data,True,False,no data,0.9608,0.9608,1.0,1.0,ENST00000502583,protein_coding,True,True,True,True,True,4.9,False
PAGE1,,,cancer-testis antigen,ENSG00000068985,CTpedia;CTexploreR_CT;daSilva2017;daSilva2017_protein,True,False,Enhanced,True,False,testis,0.9941,0.9941,1.0,1.0,ENST00000376150,protein_coding,True,True,True,True,True,16.7,False
PAGE2,,,cancer-testis antigen,ENSG00000234068,CTpedia;CTexploreR_CT;daSilva2017;daSilva2017_protein,True,False,Supported,True,False,testis,0.9148,0.9153,1.0,1.0,ENST00000374968,protein_coding,True,True,True,True,True,27.1,False
PAGE2B,,,cancer-testis antigen,ENSG00000238269,CTpedia;CTexploreR_CTP;daSilva2017;daSilva2017_protein,True,False,Supported,False,False,testis,0.8164,0.817,0.9483,0.9483,ENST00000374971,protein_coding,True,True,False,False,True,55.0,False
PAGE3,,,cancer-testis antigen,ENSG00000204279,CTpedia;daSilva2017,no data,no data,no data,True,False,no data,1.0,1.0,1.0,1.0,ENST00000374951,protein_coding,True,True,True,True,True,7.4,False
PAGE5,,,cancer-testis antigen,ENSG00000158639,CTpedia;CTexploreR_CT;daSilva2017,True,False,Supported,False,False,testis,0.8805,0.881,1.0,1.0,ENST00000374955,protein_coding,True,True,True,True,True,25.8,False
XAGE1A,,,cancer-testis antigen,ENSG00000204379,CTpedia;CTexploreR_CT,no data,no data,no data,True,False,no data,0.9913,0.9913,1.0,1.0,ENST00000375602,protein_coding,True,True,True,True,True,45.7,False
XAGE1B,,,cancer-testis antigen,ENSG00000204382,CTpedia;CTexploreR_CT;daSilva2017,no data,no data,no data,False,False,no data,0.8806,0.8808,0.987,0.987,ENST00000518075,protein_coding,True,True,True,False,False,53.1,False
XAGE3,,,cancer-testis antigen,ENSG00000171402,CTpedia,True,False,Supported,False,False,placenta,0.9804,0.9804,0.9922,0.9922,ENST00000346279,protein_coding,True,True,True,True,True,368.3,False
XAGE5,,,cancer-testis antigen,ENSG00000171405,CTpedia;CTexploreR_CT;daSilva2017,no data,no data,no data,True,False,no data,1.0,1.0,1.0,1.0,ENST00000375501,protein_coding,True,True,True,True,True,1.1,True
GAGE2A,,,cancer-testis antigen,ENSG00000189064,CTpedia;CTexploreR_CT;daSilva2017;daSilva2017_protein,True,False,Supported,True,False,testis,0.9893,0.9893,1.0,1.0,ENST00000362097,protein_coding,True,True,True,True,True,92.6,False
GAGE12H,,,cancer-testis antigen,ENSG00000224902,CTpedia;CTexploreR_CTP;daSilva2017;daSilva2017_protein,True,False,Supported,True,False,testis,1.0,1.0,1.0,1.0,ENST00000381722,protein_coding,True,True,True,True,True,24.1,False
GAGE12J,,,cancer-testis antigen,ENSG00000224659,CTpedia;CTexploreR_CTP;daSilva2017,True,False,Supported,False,False,testis,0.8794,0.8794,0.9494,0.9494,ENST00000442437,protein_coding,True,True,False,False,True,22.5,False
GAGE12E,,,cancer-testis antigen,ENSG00000216649,CTpedia;CTexploreR_CT;daSilva2017,True,False,Supported,True,False,testis,1.0,1.0,1.0,1.0,ENST00000381698,protein_coding,True,True,True,True,True,11.0,False
GAGE13,,,cancer-testis antigen,ENSG00000274274,CTpedia;CTexploreR_CT;daSilva2017,True,False,Supported,False,False,testis,0.9729,0.9729,0.9926,0.9926,ENST00000612958,protein_coding,True,True,True,True,True,53.6,False
MAGEA1,,,cancer-testis antigen,ENSG00000198681,CTpedia;CTexploreR_CT;daSilva2017;daSilva2017_protein,True,False,Enhanced,True,False,testis,1.0,1.0,1.0,1.0,ENST00000356661,protein_coding,True,True,True,True,True,4.4,False
MAGEA2,,,cancer-testis antigen,ENSG00000268606,CTpedia;CTexploreR_CT;daSilva2017,no data,no data,no data,True,False,no data,1.0,1.0,1.0,1.0,ENST00000611557,protein_coding,True,True,True,True,True,4.1,False
MAGEA4,,,cancer-testis antigen,ENSG00000147381,CTpedia;CTexploreR_CT;daSilva2017;daSilva2017_protein,True,False,Enhanced,True,False,placenta; testis,0.9562,0.9562,1.0,1.0,ENST00000682265,protein_coding,True,True,True,True,True,21.5,False
MAGEA6,,,cancer-testis antigen,ENSG00000197172,CTpedia;CTexploreR_CT;daSilva2017,no data,no data,no data,True,False,no data,0.9091,0.9091,1.0,1.0,ENST00000616035,protein_coding,True,True,True,True,True,6.9,False
MAGEA3,,,cancer-testis antigen,ENSG00000221867,CTpedia;CTexploreR_CT;daSilva2017;daSilva2017_protein,no data,no data,no data,True,False,no data,0.9759,0.9759,1.0,1.0,ENST00000598245,protein_coding,True,True,True,True,True,7.8,False
MAGEA9,,,cancer-testis antigen,ENSG00000123584,CTpedia;CTexploreR_CT;daSilva2017,no data,no data,no data,True,False,no data,1.0,1.0,1.0,1.0,ENST00000243314,protein_coding,True,True,True,True,True,3.6,False
MAGEA9B,,,cancer-testis antigen,ENSG00000267978,CTpedia;CTexploreR_CT;daSilva2017,no data,no data,no data,True,False,no data,0.9346,0.9346,1.0,1.0,ENST00000595065,protein_coding,True,True,True,True,True,9.7,False
MAGEA10,,,cancer-testis antigen,ENSG00000124260,CTpedia;CTexploreR_CT,True,False,Approved,True,False,placenta; testis,0.8529,0.8529,1.0,1.0,ENST00000370323,protein_coding,True,True,True,True,True,9.1,False
MAGEA11,,,cancer-testis antigen,ENSG00000185247,CTpedia;CTexploreR_CT;daSilva2017,no data,no data,no data,False,False,no data,0.1938,0.1938,0.1807,0.1807,ENST00000333104,protein_coding,False,False,False,False,False,20.5,False
MAGEB1,,,cancer-testis antigen,ENSG00000214107,CTpedia;CTexploreR_CT;daSilva2017,True,False,Enhanced,True,False,testis,0.9677,0.9677,1.0,1.0,ENST00000378981,protein_coding,True,True,True,True,True,15.0,False
MAGEB2,,,cancer-testis antigen,ENSG00000099399,CTpedia;CTexploreR_CT;daSilva2017,True,False,Enhanced,True,False,testis,0.9932,0.9932,1.0,1.0,ENST00000378988,protein_coding,True,True,True,True,True,28.2,False
MAGEB3,,,cancer-testis antigen,ENSG00000198798,CTpedia;daSilva2017,False,False,Approved,False,False,epididymis; testis,0.2207,0.2207,0.2311,0.2311,ENST00000361644,protein_coding,False,False,False,False,False,17.3,False
MAGEB5,,,cancer-testis antigen,ENSG00000188408,CTpedia;daSilva2017,no data,no data,no data,False,False,no data,1.0,1.0,1.0,1.0,ENST00000602297,protein_coding,True,True,True,True,True,0.9,True
MAGEB6B,,,cancer-testis antigen,ENSG00000232030,CTpedia,no data,no data,no data,False,False,no data,1.0,1.0,1.0,1.0,ENST00000416929,protein_coding,True,True,True,True,True,0.5,True
MAGEB16,,,cancer-testis antigen,ENSG00000189023,CTpedia;CTexploreR_CT;daSilva2017;daSilva2017_protein,no data,no data,no data,True,False,no data,1.0,1.0,1.0,1.0,ENST00000399988,protein_coding,True,True,True,True,True,3.1,False
MAGEB18,,,cancer-testis antigen,ENSG00000176774,CTpedia;daSilva2017;daSilva2017_protein,True,False,Enhanced,False,False,testis,1.0,1.0,1.0,1.0,ENST00000325250,protein_coding,True,True,True,True,True,0.7,False
MAGEC1,,,cancer-testis antigen,ENSG00000155495,CTpedia;CTexploreR_CT;daSilva2017;daSilva2017_protein,True,False,Enhanced,True,False,testis,0.9861,0.9861,1.0,1.0,ENST00000285879,protein_coding,True,True,True,True,True,7.1,False
MAGEC2,,,cancer-testis antigen,ENSG00000046774,CTpedia;CTexploreR_CT;daSilva2017;daSilva2017_protein,True,False,Enhanced,True,False,testis,1.0,1.0,1.0,1.0,ENST00000247452,protein_coding,True,True,True,True,True,19.0,False
DAZ1,,,cancer-testis antigen,ENSG00000188120,CTpedia;daSilva2017,True,False,Supported,True,False,testis,0.9091,0.9091,1.0,1.0,ENST00000405239,protein_coding,True,True,True,True,True,2.0,False
DAZ3,,,cancer-testis antigen,ENSG00000187191,CTpedia;daSilva2017,True,False,Approved,True,False,testis,0.6087,0.6087,1.0,1.0,ENST00000446723,protein_coding,True,True,True,True,True,1.4,False
DAZL,,,cancer-testis antigen,ENSG00000092345,CTpedia;daSilva2017,True,False,Enhanced,True,False,testis,0.9664,0.9664,1.0,1.0,ENST00000454457,protein_coding,True,True,True,True,True,77.3,False
BSPH1,,,cancer-testis antigen,ENSG00000188334,CTpedia;daSilva2017,False,False,Enhanced,False,False,epididymis,0.0,0.0,0.0026,0.0026,ENST00000344839,protein_coding,False,False,False,False,False,373.6,False
SPAG11A,,,cancer-testis antigen,ENSG00000178287,CTpedia;daSilva2017,False,False,Supported,False,False,epididymis,0.0,0.0,0.0002,0.0002,ENST00000528033,protein_coding,False,False,False,False,False,4639.4,False
SPANXA1,,,cancer-testis antigen,ENSG00000198021,CTpedia;daSilva2017,True,False,Supported,True,False,testis,1.0,1.0,1.0,1.0,ENST00000370519,protein_coding,True,True,True,True,True,14.5,False
SPANXA2,,,cancer-testis antigen,ENSG00000203926,CTpedia;daSilva2017,True,False,Supported,True,False,testis,1.0,1.0,1.0,1.0,ENST00000370518,protein_coding,True,True,True,True,True,19.3,False
SPANXB1,,,cancer-testis antigen,ENSG00000227234,CTpedia;CTexploreR_CT;daSilva2017;daSilva2017_protein,True,False,Supported,False,False,testis,0.9785,0.9785,1.0,1.0,ENST00000449283,protein_coding,True,True,True,True,True,86.3,False
SPANXC,,,cancer-testis antigen,ENSG00000198573,CTpedia;CTexploreR_CT;daSilva2017;daSilva2017_protein,True,False,Supported,True,False,testis,1.0,1.0,1.0,1.0,ENST00000358993,protein_coding,True,True,True,True,True,30.2,False
SPANXD,,,cancer-testis antigen,ENSG00000196406,CTpedia;CTexploreR_CT;daSilva2017;daSilva2017_protein,True,False,Supported,True,False,testis,1.0,1.0,1.0,1.0,ENST00000370515,protein_coding,True,True,True,True,True,22.6,False
SPANXN1,,,cancer-testis antigen,ENSG00000203923,CTpedia;daSilva2017,no data,no data,no data,True,False,no data,1.0,1.0,1.0,1.0,ENST00000370493,protein_coding,True,True,True,True,True,1.4,True
SPANXN2,,,cancer-testis antigen,ENSG00000268988,CTpedia;daSilva2017,no data,no data,no data,True,False,no data,1.0,1.0,1.0,1.0,ENST00000598475,protein_coding,True,True,True,True,True,3.4,False
SPANXN3,,,cancer-testis antigen,ENSG00000189252,CTpedia;daSilva2017,no data,no data,no data,True,False,no data,0.9734,0.9734,1.0,1.0,ENST00000370503,protein_coding,True,True,True,True,True,47.6,False
SPANXN4,,,cancer-testis antigen,ENSG00000189326,CTpedia;daSilva2017,no data,no data,no data,True,False,no data,1.0,1.0,1.0,1.0,ENST00000370504,protein_coding,True,True,True,True,True,25.2,False
SPANXN5,,,cancer-testis antigen,ENSG00000204363,CTpedia;daSilva2017,no data,no data,no data,True,False,no data,1.0,1.0,1.0,1.0,ENST00000375511,protein_coding,True,True,True,True,True,16.1,False
ODF1,,,cancer-testis antigen,ENSG00000155087,CTpedia;daSilva2017;daSilva2017_protein,True,False,Approved,True,False,testis,0.9915,0.9915,1.0,1.0,ENST00000285402,protein_coding,True,True,True,True,True,386.0,False
ODF3,CIMAP1A,,cancer-testis antigen,ENSG00000177947,CTpedia;daSilva2017,True,False,Enhanced,True,False,testis,0.9579,0.9579,1.0,1.0,ENST00000325113,protein_coding,True,True,True,True,True,9.1,False
ODF4,,,cancer-testis antigen,ENSG00000184650,CTpedia;daSilva2017;daSilva2017_protein,True,False,Enhanced,True,False,testis,1.0,1.0,1.0,1.0,ENST00000328248,protein_coding,True,True,True,True,True,12.7,False
ROPN1B,,,cancer-testis antigen,ENSG00000114547,CTpedia;CTexploreR_CTP;daSilva2017,False,False,Supported,False,False,epididymis; testis,0.6617,0.6617,0.7134,0.7134,ENST00000251776,protein_coding,False,False,False,False,False,208.3,False
SPAM1,,,cancer-testis antigen,ENSG00000106304,CTpedia;daSilva2017,True,False,Enhanced,True,False,testis,0.9444,0.9444,1.0,1.0,ENST00000340011,protein_coding,True,True,True,True,True,16.9,False
SPATA4,,,cancer-testis antigen,ENSG00000150628,CTpedia;CTexploreR_CTP;daSilva2017,True,False,Enhanced,False,False,testis,0.8028,0.8028,0.9063,0.9063,ENST00000280191,protein_coding,True,True,False,False,True,135.4,False
SPATA12,,,cancer-testis antigen,ENSG00000186451,CTpedia;daSilva2017,True,False,Enhanced,True,False,testis,0.9005,0.9005,1.0,1.0,ENST00000334325,protein_coding,True,True,True,True,True,19.9,False
SPATA16,,,cancer-testis antigen,ENSG00000144962,CTpedia;daSilva2017,True,False,Enhanced,True,False,testis,1.0,1.0,1.0,1.0,ENST00000351008,protein_coding,True,True,True,True,True,57.8,False
SPATA19,,,cancer-testis antigen,ENSG00000166118,CTpedia;daSilva2017,True,False,Enhanced,True,False,testis,0.9909,0.9909,1.0,1.0,ENST00000299140,protein_coding,True,True,True,True,True,130.9,False
SPATA22,,,cancer-testis antigen,ENSG00000141255,CTpedia;CTexploreR_CTP;daSilva2017;daSilva2017_protein,no data,no data,no data,False,False,no data,0.9216,0.9217,0.9921,0.9921,ENST00000541913,protein_coding,True,True,True,True,True,223.4,False
SPATA31E1,,,cancer-testis antigen,ENSG00000177992,CTpedia;daSilva2017,True,False,Enhanced,True,False,testis,1.0,1.0,1.0,1.0,ENST00000325643,protein_coding,True,True,True,True,True,7.3,False
SPATA31A1,,,cancer-testis antigen,ENSG00000204849,CTpedia;daSilva2017,no data,no data,no data,True,False,no data,1.0,1.0,1.0,1.0,ENST00000377647,protein_coding,True,True,True,True,True,8.7,False
SPATA31A3,,,cancer-testis antigen,ENSG00000275969,CTpedia;daSilva2017,no data,no data,no data,True,False,no data,1.0,1.0,1.0,1.0,ENST00000428649,protein_coding,True,True,True,True,True,4.6,False
SPATA31A5,,,cancer-testis antigen,ENSG00000276581,CTpedia;daSilva2017,no data,no data,no data,True,False,no data,1.0,1.0,1.0,1.0,ENST00000437823,protein_coding,True,True,True,True,True,1.0,True
SPATA31A6,,,cancer-testis antigen,ENSG00000185775,CTpedia;daSilva2017,no data,no data,no data,True,False,no data,1.0,1.0,1.0,1.0,ENST00000332857,protein_coding,True,True,True,True,True,1.9,True
SPATA31A7,,,cancer-testis antigen,ENSG00000276040,CTpedia;daSilva2017,no data,no data,no data,True,False,no data,1.0,1.0,1.0,1.0,ENST00000619167,protein_coding,True,True,True,True,True,2.8,False
SPATA31D3,,,cancer-testis antigen,ENSG00000186788,CTpedia;daSilva2017,no data,no data,no data,True,False,no data,1.0,1.0,1.0,1.0,ENST00000445385,protein_coding,True,True,True,True,True,7.8,False
SPATA31D4,,,cancer-testis antigen,ENSG00000189357,CTpedia;daSilva2017,no data,no data,no data,True,False,no data,1.0,1.0,1.0,1.0,ENST00000419782,protein_coding,True,True,True,True,True,5.9,False
SPATA32,,,cancer-testis antigen,ENSG00000184361,CTpedia;daSilva2017,True,False,Approved,True,False,testis,0.9443,0.9443,1.0,1.0,ENST00000331780,protein_coding,True,True,True,True,True,42.4,False
SPACA1,,,cancer-testis antigen,ENSG00000118434,CTpedia;daSilva2017,True,False,Enhanced,True,False,testis,0.9975,0.9975,1.0,1.0,ENST00000237201,protein_coding,True,True,True,True,True,40.7,False
SPACA3,,,cancer-testis antigen,ENSG00000141316,CTpedia;CTexploreR_CTP;daSilva2017,True,False,Enhanced,False,False,testis,0.826,0.826,0.8584,0.8584,ENST00000580599,protein_coding,True,False,False,False,True,121.8,False
CATSPERD,,,cancer-testis antigen,ENSG00000174898,CTpedia;daSilva2017,True,False,Enhanced,True,False,testis,1.0,1.0,1.0,1.0,ENST00000381624,protein_coding,True,True,True,True,True,8.4,False
CATSPER4,,,cancer-testis antigen,ENSG00000188782,CTpedia;daSilva2017,True,False,Enhanced,True,False,testis,0.982,0.982,1.0,1.0,ENST00000456354,protein_coding,True,True,True,True,True,10.9,False
CTAG1A,,,cancer-testis antigen,ENSG00000268651,CTpedia;CTexploreR_CT;daSilva2017;daSilva2017_protein,True,False,Enhanced,True,False,testis,0.9878,0.9878,1.0,1.0,ENST00000593606,protein_coding,True,True,True,True,True,8.1,False
CTAG1B,,,cancer-testis antigen,ENSG00000184033,CTpedia;CTexploreR_CT;daSilva2017,True,False,Enhanced,True,False,testis,0.9367,0.9367,1.0,1.0,ENST00000328435,protein_coding,True,True,True,True,True,7.4,False
CTAGE1,,,cancer-testis antigen,ENSG00000212710,CTpedia;daSilva2017;daSilva2017_protein,no data,no data,no data,True,False,no data,1.0,1.0,1.0,1.0,ENST00000391403,protein_coding,True,True,True,True,True,10.0,False
CTAGE6,,,cancer-testis antigen,ENSG00000271321,CTpedia;daSilva2017,no data,no data,no data,True,False,no data,0.9527,0.9527,1.0,1.0,ENST00000470691,protein_coding,True,True,True,True,True,14.0,False
CTAGE9,,,cancer-testis antigen,ENSG00000236761,CTpedia;daSilva2017,no data,no data,no data,True,False,no data,0.9,0.9,1.0,1.0,ENST00000314099,protein_coding,True,True,True,True,True,8.1,False
SSX1,,,cancer-testis antigen,ENSG00000126752,CTpedia;CTexploreR_CT;daSilva2017;daSilva2017_protein,True,False,Supported,True,False,testis,0.9,0.9,1.0,1.0,ENST00000376919,protein_coding,True,True,True,True,True,7.2,False
SSX2,,,cancer-testis antigen,ENSG00000241476,CTpedia;CTexploreR_CT;daSilva2017;daSilva2017_protein,True,False,Enhanced,True,False,testis,0.9878,0.9878,1.0,1.0,ENST00000337502,protein_coding,True,True,True,True,True,16.2,False
SSX2B,,,cancer-testis antigen,ENSG00000268447,CTpedia;CTexploreR_CT;daSilva2017,True,False,Supported,True,False,testis,0.9706,0.9706,1.0,1.0,ENST00000616191,protein_coding,True,True,True,True,True,16.5,False
SSX3,,,cancer-testis antigen,ENSG00000165584,CTpedia;daSilva2017;daSilva2017_protein,True,False,Supported,True,False,testis,0.9776,0.9776,1.0,1.0,ENST00000298396,protein_coding,True,True,True,True,True,13.1,False
SSX4,,,cancer-testis antigen,ENSG00000268009,CTpedia;daSilva2017,True,False,Supported,True,False,testis,0.8611,0.8611,1.0,1.0,ENST00000620320,protein_coding,True,True,True,True,True,3.1,False
TSPY1,,,cancer-testis antigen,ENSG00000258992,CTpedia;CTexploreR_CT;daSilva2017,True,False,Supported,True,False,testis,1.0,1.0,1.0,1.0,ENST00000451548,protein_coding,True,True,True,True,True,7.1,False
TSPY2,,,cancer-testis antigen,ENSG00000168757,CTpedia;CTexploreR_CT;daSilva2017,True,False,Supported,True,False,testis,1.0,1.0,1.0,1.0,ENST00000320701,protein_coding,True,True,True,True,True,7.4,False
TSPY3,,,cancer-testis antigen,ENSG00000228927,CTpedia;CTexploreR_CT;daSilva2017,True,False,Supported,True,False,testis,0.8056,0.8056,1.0,1.0,ENST00000457222,protein_coding,True,True,True,True,True,2.9,False
TSPY4,,,cancer-testis antigen,ENSG00000233803,CTpedia;CTexploreR_CT;daSilva2017,True,False,Supported,True,False,testis,0.9845,0.9845,1.0,1.0,ENST00000426950,protein_coding,True,True,True,True,True,31.8,False
TSPY8,,,cancer-testis antigen,ENSG00000229549,CTpedia;daSilva2017,True,False,Supported,True,False,testis,1.0,1.0,1.0,1.0,ENST00000287721,protein_coding,True,True,True,True,True,1.2,False
TSPY9,TSPY9P,,cancer-testis antigen,ENSG00000238074,CTpedia;CTexploreR_CT,False,False,Supported,True,False,adrenal gland; stomach 1; stomach 2; testis,0.9797,0.9797,1.0,1.0,ENST00000440215,protein_coding,True,True,True,True,False,14.5,False
TSPY10,,,cancer-testis antigen,ENSG00000236424,CTpedia;daSilva2017,True,False,Supported,True,False,testis,0.95,0.95,1.0,1.0,ENST00000428845,protein_coding,True,True,True,True,True,1.9,False
TSPYL6,,,cancer-testis antigen,ENSG00000178021,CTpedia;daSilva2017,True,False,Enhanced,True,False,testis,0.963,0.963,1.0,1.0,ENST00000317802,protein_coding,True,True,True,True,True,20.8,False
MORC1,,,cancer-testis antigen,ENSG00000114487,CTpedia;daSilva2017,True,False,Enhanced,True,False,testis,0.9181,0.9181,1.0,1.0,ENST00000232603,protein_coding,True,True,True,True,True,15.5,False
TFDP3,,,cancer-testis antigen,ENSG00000183434,CTpedia;daSilva2017,no data,no data,no data,True,False,no data,0.9762,0.9762,1.0,1.0,ENST00000310125,protein_coding,True,True,True,True,True,4.1,False
LUZP4,,,cancer-testis antigen,ENSG00000102021,CTpedia;daSilva2017,True,False,Enhanced,True,False,testis,1.0,1.0,1.0,1.0,ENST00000371920,protein_coding,True,True,True,True,True,7.9,False
DKKL1,,,cancer-testis antigen,ENSG00000104901,CTpedia;CTexploreR_CTP;daSilva2017,True,False,Enhanced,False,False,testis,0.9517,0.9517,0.9994,0.9994,ENST00000594268,protein_coding,True,True,True,True,True,335.2,False
SPO11,,,cancer-testis antigen,ENSG00000054796,CTpedia;daSilva2017,no data,no data,no data,True,False,no data,1.0,1.0,1.0,1.0,ENST00000371263,protein_coding,True,True,True,True,True,8.2,False
CRISP2,,,cancer-testis antigen,ENSG00000124490,CTpedia;CTexploreR_CTP;daSilva2017,True,False,Enhanced,False,False,testis,0.8602,0.8602,0.8882,0.8882,ENST00000616725,protein_coding,True,False,False,False,True,490.9,False
FMR1NB,,,cancer-testis antigen,ENSG00000176988,CTpedia;CTexploreR_CT;daSilva2017,True,False,Enhanced,True,False,testis,0.9947,0.9947,1.0,1.0,ENST00000370467,protein_coding,True,True,True,True,True,56.5,False
TPTE,,,cancer-testis antigen,ENSG00000274391,CTpedia;daSilva2017,True,False,Enhanced,True,False,testis,0.9937,0.9937,1.0,1.0,ENST00000622113,protein_coding,True,True,True,True,True,109.7,False
CT45A2,,,cancer-testis antigen,ENSG00000271449,CTpedia;daSilva2017;daSilva2017_protein,True,False,Supported,False,False,testis,1.0,1.0,1.0,1.0,ENST00000612907,protein_coding,True,True,True,True,True,0.2,False
CT45A7,,,cancer-testis antigen,ENSG00000273696,CTpedia;CTexploreR_CT;daSilva2017,True,False,Supported,False,False,testis,0.6667,0.6667,1.0,1.0,ENST00000610598,protein_coding,True,True,True,True,True,0.4,False
CT47A1,,,cancer-testis antigen,ENSG00000236371,CTpedia;CTexploreR_CT;daSilva2017,True,False,Supported,False,False,testis,1.0,1.0,1.0,1.0,ENST00000433030,protein_coding,True,True,True,True,True,0.5,False
CT47A2,,,cancer-testis antigen,ENSG00000242362,CTpedia;daSilva2017,True,False,Supported,False,False,testis,1.0,1.0,1.0,1.0,ENST00000458218,protein_coding,True,True,True,True,True,0.1,False
CT47A3,,,cancer-testis antigen,ENSG00000236126,CTpedia;daSilva2017,True,False,Supported,False,False,testis,1.0,1.0,1.0,1.0,ENST00000441330,protein_coding,True,True,True,True,True,0.1,False
CT47A4,,,cancer-testis antigen,ENSG00000230594,CTpedia;daSilva2017,True,False,Supported,False,False,testis,1.0,1.0,1.0,1.0,ENST00000415858,protein_coding,True,True,True,True,True,0.1,False
CT47A5,,,cancer-testis antigen,ENSG00000237957,CTpedia;daSilva2017,True,False,Supported,False,False,testis,1.0,1.0,1.0,1.0,ENST00000439466,protein_coding,True,True,True,True,True,0.1,False
CT47A6,,,cancer-testis antigen,ENSG00000226023,CTpedia;daSilva2017,True,False,Supported,False,False,testis,1.0,1.0,1.0,1.0,ENST00000419194,protein_coding,True,True,True,True,True,0.4,False
CT47A7,,,cancer-testis antigen,ENSG00000228517,CTpedia;daSilva2017,True,False,Supported,False,False,testis,1.0,1.0,1.0,1.0,ENST00000434883,protein_coding,True,True,True,True,True,0.6,False
CT47A11,,,cancer-testis antigen,ENSG00000226929,CTpedia;CTexploreR_CT;daSilva2017,True,False,Supported,False,False,testis,1.0,1.0,1.0,1.0,ENST00000457020,protein_coding,True,True,True,True,True,0.9,False
CT47A12,,,cancer-testis antigen,ENSG00000226685,CTpedia;CTexploreR_CT;daSilva2017,True,False,Supported,True,False,testis,1.0,1.0,1.0,1.0,ENST00000419982,protein_coding,True,True,True,True,True,1.1,False
CT47B1,,,cancer-testis antigen,ENSG00000236446,CTpedia;daSilva2017,True,False,Supported,True,False,testis,1.0,1.0,1.0,1.0,ENST00000371311,protein_coding,True,True,True,True,True,6.7,False
CT83,,,cancer-testis antigen,ENSG00000204019,CTpedia;CTexploreR_CTP;daSilva2017;daSilva2017_protein,no data,no data,no data,False,False,no data,0.9555,0.9555,0.9749,0.9749,ENST00000371894,protein_coding,True,True,True,False,False,62.2,False
TEX13A,,,cancer-testis antigen,ENSG00000268629,CTpedia;daSilva2017,True,False,Enhanced,True,False,placenta; testis,1.0,1.0,1.0,1.0,ENST00000600991,protein_coding,True,True,True,True,True,10.3,False
TEX19,,,cancer-testis antigen,ENSG00000182459,CTpedia;CTexploreR_CTP;daSilva2017,True,False,Enhanced,True,False,testis,1.0,1.0,1.0,1.0,ENST00000333437,protein_coding,True,True,True,True,True,30.0,False
TEX33,CIMIP4,,cancer-testis antigen,ENSG00000185264,CTpedia;daSilva2017,True,False,Enhanced,True,False,testis,0.9989,0.9989,1.0,1.0,ENST00000381821,protein_coding,True,True,True,True,True,88.9,False
TEX35,,,cancer-testis antigen,ENSG00000240021,CTpedia;daSilva2017,True,False,Approved,False,False,testis,0.88,0.8802,0.9778,0.9778,ENST00000367639,protein_coding,True,True,True,False,True,114.7,False
TEX37,SPMIP9,,cancer-testis antigen,ENSG00000172073,CTpedia;daSilva2017,True,False,Enhanced,True,False,testis,1.0,1.0,1.0,1.0,ENST00000303254,protein_coding,True,True,True,True,True,82.6,False
TEX38,,,cancer-testis antigen,ENSG00000186118,CTpedia;daSilva2017,no data,no data,no data,True,False,no data,0.9783,0.9783,1.0,1.0,ENST00000564071,protein_coding,True,True,True,True,True,377.8,False
TEX44,,,cancer-testis antigen,ENSG00000177673,CTpedia,True,False,Enhanced,True,False,testis,0.998,0.998,1.0,1.0,ENST00000313965,protein_coding,True,True,True,True,True,148.2,False
TEX101,,,cancer-testis antigen,ENSG00000131126,CTpedia;CTexploreR_CTP;daSilva2017,True,False,Enhanced,False,True,testis,0.8825,0.8834,0.9879,0.9879,ENST00000602198,protein_coding,True,True,True,False,True,114.4,False
PATE1,,,cancer-testis antigen,ENSG00000171053,CTpedia,False,False,Approved,False,False,epididymis; seminal vesicle; testis,0.0,0.0,0.0005,0.0005,ENST00000305738,protein_coding,False,False,False,False,False,1824.1,False
PATE4,,,cancer-testis antigen,ENSG00000237353,CTpedia,True,False,Approved,False,False,testis,0.004,0.004,0.0084,0.0084,ENST00000457514,protein_coding,False,False,False,False,False,103.1,False
PRSS54,,,cancer-testis antigen,ENSG00000103023,CTpedia;daSilva2017,True,False,Enhanced,True,False,testis,0.995,0.995,1.0,1.0,ENST00000219301,protein_coding,True,True,True,True,True,40.2,False
PHF7,,,cancer-testis antigen,ENSG00000010318,CTpedia;daSilva2017,True,False,Enhanced,False,True,testis,0.9126,0.9128,0.945,0.9451,ENST00000327906,protein_coding,True,True,False,False,True,1181.3,False
SLCO6A1,,,cancer-testis antigen,ENSG00000205359,CTpedia;daSilva2017,True,False,Enhanced,True,False,testis,1.0,1.0,1.0,1.0,ENST00000506729,protein_coding,True,True,True,True,True,29.4,False
TEKT5,,,cancer-testis antigen,ENSG00000153060,CTpedia;CTexploreR_CTP;daSilva2017,no data,no data,no data,True,False,no data,0.8067,0.8067,1.0,1.0,ENST00000283025,protein_coding,True,True,True,True,True,31.2,False
DMRT1,,,cancer-testis antigen,ENSG00000137090,CTpedia;CTexploreR_CT;daSilva2017,True,False,Enhanced,True,False,testis,0.9812,0.9812,1.0,1.0,ENST00000382276,protein_coding,True,True,True,True,True,26.1,False
DMRTC2,,,cancer-testis antigen,ENSG00000142025,CTpedia;daSilva2017,True,False,Uncertain,True,False,testis,0.9475,0.9475,1.0,1.0,ENST00000269945,protein_coding,True,True,True,True,True,39.7,False
DNAJB8,,,cancer-testis antigen,ENSG00000179407,CTpedia;daSilva2017,no data,no data,no data,True,False,no data,1.0,1.0,1.0,1.0,ENST00000469083,protein_coding,True,True,True,True,True,49.7,False
SAGE1,,,cancer-testis antigen,ENSG00000181433,CTpedia;CTexploreR_CT;daSilva2017,True,False,Enhanced,True,False,testis,0.8393,0.8393,1.0,1.0,ENST00000324447,protein_coding,True,True,True,True,True,4.7,False
LIPI,,,cancer-testis antigen,ENSG00000188992,CTpedia,no data,no data,no data,False,False,no data,0.0002,0.0002,0.0024,0.0024,ENST00000681601,protein_coding,False,False,False,False,False,409.2,False
ADAM2,,,cancer-testis antigen,ENSG00000104755,CTpedia;daSilva2017,True,False,Enhanced,True,False,testis,1.0,1.0,1.0,1.0,ENST00000265708,protein_coding,True,True,True,True,True,37.0,False
PLAC1,,,cancer-testis antigen,ENSG00000170965,CTpedia,True,False,Enhanced,True,False,placenta,0.9691,0.9691,1.0,1.0,ENST00000359237,protein_coding,True,True,True,True,True,27.0,False
CABS1,,,cancer-testis antigen,ENSG00000145309,CTpedia;daSilva2017,True,False,Enhanced,False,False,testis,0.9628,0.9628,0.9727,0.9727,ENST00000273936,protein_coding,True,True,True,False,True,103.4,False
FATE1,,,cancer-testis antigen,ENSG00000147378,CTpedia;daSilva2017,True,False,Enhanced,True,True,testis,0.9651,0.9655,1.0,1.0,ENST00000370350,protein_coding,True,True,True,True,True,232.3,False
HORMAD1,,,cancer-testis antigen,ENSG00000143452,CTpedia;CTexploreR_CTP;daSilva2017,True,False,Enhanced,False,False,testis,0.879,0.879,0.9338,0.9338,ENST00000361824,protein_coding,True,True,False,False,True,114.3,False
ACRBP,,,cancer-testis antigen,ENSG00000111644,CTpedia,True,False,Enhanced,False,True,testis,0.6829,0.6852,0.7563,0.7576,ENST00000229243,protein_coding,False,False,False,False,False,275.6,False
TSKS,,,cancer-testis antigen,ENSG00000126467,CTpedia,True,False,Enhanced,False,False,testis,0.8837,0.884,0.9898,0.9898,ENST00000246801,protein_coding,True,True,True,False,True,116.7,False
CCDC42,,,cancer-testis antigen,ENSG00000161973,CTpedia;daSilva2017,no data,no data,no data,True,False,no data,0.9809,0.9809,1.0,1.0,ENST00000293845,protein_coding,True,True,True,True,True,92.4,False
ADAD1,,,cancer-testis antigen,ENSG00000164113,CTpedia;daSilva2017,no data,no data,no data,True,False,no data,1.0,1.0,1.0,1.0,ENST00000296513,protein_coding,True,True,True,True,True,115.6,False
RIMBP3,,,cancer-testis antigen,ENSG00000275793,CTpedia;daSilva2017,True,False,Supported,True,True,testis,0.8152,0.8205,1.0,1.0,ENST00000619918,protein_coding,True,True,True,True,True,27.6,False
TENT5D,,,cancer-testis antigen,ENSG00000174016,CTpedia,no data,no data,no data,True,False,no data,1.0,1.0,1.0,1.0,ENST00000538312,protein_coding,True,True,True,True,True,3.3,False
PRAME,,,cancer-testis antigen,ENSG00000185686,CTpedia;CTexploreR_CTP;daSilva2017;daSilva2017_protein,True,False,Enhanced,False,False,testis,0.806,0.8063,0.8787,0.8787,ENST00000398743,protein_coding,True,False,False,False,True,102.2,False
PRAMEF18,,,cancer-testis antigen,ENSG00000279804,CTpedia,no data,no data,no data,False,False,no data,1.0,1.0,1.0,1.0,ENST00000624297,protein_coding,True,True,True,True,True,0.1,True
PRAMEF20,,,cancer-testis antigen,ENSG00000204478,CTpedia;daSilva2017,no data,no data,no data,False,False,no data,1.0,1.0,1.0,1.0,ENST00000602960,protein_coding,True,True,True,True,True,0.1,True
CBLL2,,,cancer-testis antigen,ENSG00000175809,CTpedia,no data,no data,no data,True,False,no data,1.0,1.0,1.0,1.0,ENST00000323684,protein_coding,True,True,True,True,True,8.2,False
CPXCR1,,,cancer-testis antigen,ENSG00000147183,CTpedia;daSilva2017,no data,no data,no data,True,False,no data,0.9841,0.9841,1.0,1.0,ENST00000276127,protein_coding,True,True,True,True,True,6.2,False
TULP2,,,cancer-testis antigen,ENSG00000104804,CTpedia,no data,no data,no data,True,False,no data,0.8298,0.8298,1.0,1.0,ENST00000221399,protein_coding,True,True,True,True,True,30.4,False
EPPIN,,,cancer-testis antigen,ENSG00000101448,CTpedia;daSilva2017,True,False,Supported,False,False,testis,0.1974,0.1974,0.2034,0.2034,ENST00000354280,protein_coding,False,False,False,False,False,319.7,False
ACTL8,,,cancer-testis antigen,ENSG00000117148,CTpedia;daSilva2017;daSilva2017_protein,no data,no data,no data,True,False,no data,0.939,0.939,1.0,1.0,ENST00000375406,protein_coding,True,True,True,True,True,6.9,False
SPEM1,,,cancer-testis antigen,ENSG00000181323,CTpedia;daSilva2017,no data,no data,no data,True,False,no data,0.997,0.997,1.0,1.0,ENST00000323675,protein_coding,True,True,True,True,True,66.8,False
THEG,SPMAP2,,cancer-testis antigen,ENSG00000105549,CTpedia;daSilva2017,no data,no data,no data,False,False,no data,0.8515,0.8515,0.9538,0.9538,ENST00000342640,protein_coding,True,True,True,False,False,41.3,False
PRM1,,,cancer-testis antigen,ENSG00000175646,CTpedia;daSilva2017,True,False,Enhanced,False,False,testis,0.9938,0.9938,0.9962,0.9962,ENST00000312511,protein_coding,True,True,True,True,True,13722.9,False
PRM2,,,cancer-testis antigen,ENSG00000122304,CTpedia;daSilva2017,True,False,Enhanced,False,False,testis,0.9938,0.9938,0.9965,0.9965,ENST00000241808,protein_coding,True,True,True,True,True,11371.6,False
PRM3,,,cancer-testis antigen,ENSG00000178257,CTpedia;daSilva2017,no data,no data,no data,False,False,no data,0.9351,0.9351,0.9785,0.9785,ENST00000327157,protein_coding,True,True,True,False,False,86.4,False
AKAP4,,,cancer-testis antigen,ENSG00000147081,CTpedia;daSilva2017,True,False,Enhanced,True,False,testis,0.9989,0.9989,1.0,1.0,ENST00000358526,protein_coding,True,True,True,True,True,190.2,False
TNP2,,,cancer-testis antigen,ENSG00000178279,CTpedia;daSilva2017,no data,no data,no data,True,False,no data,1.0,1.0,1.0,1.0,ENST00000560751,protein_coding,True,True,True,True,True,47.9,False
CGB8,,,cancer-testis antigen,ENSG00000213030,CTpedia;daSilva2017,True,False,Supported,False,False,placenta; testis,0.8873,0.8873,0.933,0.933,ENST00000448456,protein_coding,True,True,False,False,True,18.1,False
PSG9,,,cancer-testis antigen,ENSG00000183668,CTpedia,True,False,Supported,True,False,placenta; testis,0.9709,0.9709,1.0,1.0,ENST00000418820,protein_coding,True,True,True,True,True,103.4,False
PSG8,,,cancer-testis antigen,ENSG00000124467,CTpedia;daSilva2017,True,False,Supported,True,False,placenta; testis,0.9692,0.9692,1.0,1.0,ENST00000404209,protein_coding,True,True,True,True,True,6.3,False
PSG11,,,cancer-testis antigen,ENSG00000243130,CTpedia;daSilva2017,True,False,Enhanced,True,False,placenta; testis,0.9884,0.9884,1.0,1.0,ENST00000320078,protein_coding,True,True,True,True,True,51.3,False
PSG1,,,cancer-testis antigen,ENSG00000231924,CTpedia,True,False,Supported,True,False,placenta; testis,0.9898,0.9898,1.0,1.0,ENST00000436291,protein_coding,True,True,True,True,True,252.6,False
PSG3,,,cancer-testis antigen,ENSG00000221826,CTpedia;daSilva2017,True,False,Supported,True,False,placenta; testis,0.9914,0.9914,1.0,1.0,ENST00000327495,protein_coding,True,True,True,True,True,137.4,False
CSH2,,,cancer-testis antigen,ENSG00000213218,CTpedia;daSilva2017,True,False,Supported,False,True,placenta,0.9886,0.9886,0.9909,0.9909,ENST00000336844,protein_coding,True,True,True,True,True,3198.1,False
PSG5,,,cancer-testis antigen,ENSG00000204941,CTpedia,True,False,Supported,True,False,placenta; testis,0.9714,0.9714,1.0,1.0,ENST00000366175,protein_coding,True,True,True,True,True,108.6,False
TRIM64,,,cancer-testis antigen,ENSG00000204450,CTpedia,True,False,Approved,True,False,placenta,1.0,1.0,1.0,1.0,ENST00000533122,protein_coding,True,True,True,True,True,1.2,False
EGFL6,,,cancer-testis antigen,ENSG00000198759,CTpedia,True,False,Enhanced,False,False,placenta,0.8745,0.8745,0.9067,0.9067,ENST00000361306,protein_coding,True,True,False,False,True,623.7,False
LIN28B,,,cancer-testis antigen,ENSG00000187772,CTpedia;daSilva2017;daSilva2017_protein,True,False,Enhanced,False,False,placenta,0.9426,0.9426,0.9925,0.9925,ENST00000635857,protein_coding,True,True,True,True,True,63.2,False
ADAM29,,,cancer-testis antigen,ENSG00000168594,CTpedia;daSilva2017,no data,no data,no data,True,False,no data,0.9684,0.9684,1.0,1.0,ENST00000359240,protein_coding,True,True,True,True,True,39.9,False
CABYR,,,cancer-testis antigen,ENSG00000154040,CTpedia;daSilva2017,True,False,Enhanced,False,True,testis,0.6992,0.7002,0.7772,0.7774,ENST00000399481,protein_coding,False,False,False,False,False,295.1,False
CCDC33,,,cancer-testis antigen,ENSG00000140481,CTpedia,no data,no data,no data,False,False,no data,0.3561,0.3561,0.4298,0.4298,ENST00000635913,protein_coding,False,False,False,False,False,19.6,False
CTCFL,,,cancer-testis antigen,ENSG00000124092,CTpedia;CTexploreR_CT;daSilva2017,True,False,Enhanced,True,False,testis,0.5463,0.5485,1.0,1.0,ENST00000423479,protein_coding,True,True,True,True,True,10.8,False
DDX53,,,cancer-testis antigen,ENSG00000184735,CTpedia;CTexploreR_CT;daSilva2017,no data,no data,no data,True,False,no data,1.0,1.0,1.0,1.0,ENST00000327968,protein_coding,True,True,True,True,True,5.2,False
DPPA2,,,cancer-testis antigen,ENSG00000163530,CTpedia;CTexploreR_CT;daSilva2017;daSilva2017_protein,no data,no data,no data,True,False,no data,0.9722,0.973,1.0,1.0,ENST00000478945,protein_coding,True,True,True,True,True,3.2,False
FTHL17,,,cancer-testis antigen,ENSG00000132446,CTpedia;CTexploreR_CT;daSilva2017,no data,no data,no data,True,False,no data,0.9744,0.9744,1.0,1.0,ENST00000359202,protein_coding,True,True,True,True,True,3.8,False
HORMAD2,,,cancer-testis antigen,ENSG00000176635,CTpedia;daSilva2017,True,False,Enhanced,False,False,testis,0.8506,0.8506,0.925,0.925,ENST00000336726,protein_coding,True,True,False,False,True,22.2,False
LEMD1,,,cancer-testis antigen,ENSG00000186007,CTpedia;CTexploreR_CTP;daSilva2017,no data,no data,no data,False,False,no data,0.6192,0.6192,0.7518,0.7518,ENST00000495594,protein_coding,False,False,False,False,False,53.6,False
SYCP1,,,cancer-testis antigen,ENSG00000198765,CTpedia;CTexploreR_CT;daSilva2017,True,False,Enhanced,True,False,testis,0.9848,0.9848,1.0,1.0,ENST00000369522,protein_coding,True,True,True,True,True,39.0,False
TDRD1,,,cancer-testis antigen,ENSG00000095627,CTpedia,True,False,Enhanced,False,False,ovary; testis,0.668,0.6707,0.9625,0.9625,ENST00000251864,protein_coding,True,True,True,False,True,15.2,False
TEX15,,,cancer-testis antigen,ENSG00000133863,CTpedia;daSilva2017,True,False,Enhanced,False,False,testis,0.4485,0.4485,0.5514,0.5514,ENST00000643185,protein_coding,False,False,False,False,False,11.8,False
ACTL7A,,,cancer-testis antigen,ENSG00000187003,CTpedia;daSilva2017,True,False,Enhanced,True,False,testis,0.9987,0.9987,1.0,1.0,ENST00000333999,protein_coding,True,True,True,True,True,223.8,False
ACTL7B,,,cancer-testis antigen,ENSG00000148156,CTpedia;daSilva2017,True,False,Enhanced,True,False,testis,0.9991,0.9991,1.0,1.0,ENST00000374667,protein_coding,True,True,True,True,True,115.5,False
BOLL,,,cancer-testis antigen,ENSG00000152430,CTpedia;daSilva2017,True,False,Enhanced,False,False,testis,0.9065,0.9065,0.9425,0.9425,ENST00000321801,protein_coding,True,True,False,False,True,47.5,False
BRDT,,,cancer-testis antigen,ENSG00000137948,CTpedia;CTexploreR_CT;daSilva2017,True,False,Approved,False,False,testis,0.9443,0.9444,0.9876,0.9876,ENST00000394530,protein_coding,True,True,True,False,True,127.6,False
CALR3,,,cancer-testis antigen,ENSG00000269058,CTpedia;daSilva2017;daSilva2017_protein,True,False,Enhanced,True,False,testis,0.9813,0.9813,1.0,1.0,ENST00000269881,protein_coding,True,True,True,True,True,63.0,False
DDX4,,,cancer-testis antigen,ENSG00000152670,CTpedia;daSilva2017;daSilva2017_protein,True,False,Enhanced,True,False,testis,0.976,0.976,1.0,1.0,ENST00000353507,protein_coding,True,True,True,True,True,145.2,False
DMRTB1,,,cancer-testis antigen,ENSG00000143006,CTpedia;daSilva2017,True,False,Enhanced,True,False,testis,0.9854,0.9854,1.0,1.0,ENST00000371445,protein_coding,True,True,True,True,True,60.9,False
DPPA3,,,cancer-testis antigen,ENSG00000187569,CTpedia;daSilva2017,no data,no data,no data,False,False,no data,0.6508,0.6508,0.9688,0.9688,ENST00000345088,protein_coding,True,True,True,False,False,3.1,False
DPPA5,,,cancer-testis antigen,ENSG00000203909,CTpedia;daSilva2017,no data,no data,no data,True,False,no data,0.7647,0.7647,1.0,1.0,ENST00000370370,protein_coding,True,True,True,True,True,2.0,False
FKBP6,,,cancer-testis antigen,ENSG00000077800,CTpedia;daSilva2017,True,False,Enhanced,True,False,ovary; testis,0.9549,0.9551,1.0,1.0,ENST00000252037,protein_coding,True,True,True,True,True,56.9,False
GAGE1,,,cancer-testis antigen,ENSG00000205777,CTpedia;CTexploreR_CT;daSilva2017;daSilva2017_protein,True,False,Supported,True,False,testis,0.7826,0.7826,1.0,1.0,ENST00000381700,protein_coding,True,True,True,True,True,1.8,False
LDHC,,,cancer-testis antigen,ENSG00000166796,CTpedia;CTexploreR_CTP;daSilva2017,True,False,Enhanced,False,False,testis,0.9534,0.9534,0.9973,0.9973,ENST00000541669,protein_coding,True,True,True,True,True,257.4,False
MAEL,,,cancer-testis antigen,ENSG00000143194,CTpedia;CTexploreR_CTP;daSilva2017,True,False,Approved,False,False,testis,0.8242,0.8242,0.9163,0.9163,ENST00000622874,protein_coding,True,True,False,False,False,154.6,False
MAGEA12,,,cancer-testis antigen,ENSG00000213401,CTpedia;CTexploreR_CT;daSilva2017,no data,no data,no data,True,False,no data,0.5625,0.5625,1.0,1.0,ENST00000393869,protein_coding,True,True,True,True,True,2.7,False
MAGEA8,,,cancer-testis antigen,ENSG00000156009,CTpedia;CTexploreR_CT;daSilva2017,True,False,Enhanced,True,False,placenta; testis,0.9539,0.9539,1.0,1.0,ENST00000535454,protein_coding,True,True,True,True,True,12.8,False
MAGEB10,,,cancer-testis antigen,ENSG00000177689,CTpedia,no data,no data,no data,True,False,no data,0.6857,0.6857,1.0,1.0,ENST00000356790,protein_coding,True,True,True,True,True,2.4,False
MEIOB,,,cancer-testis antigen,ENSG00000162039,CTpedia;CTexploreR_CT;daSilva2017;daSilva2017_protein,no data,no data,no data,True,False,no data,0.8277,0.8318,1.0,1.0,ENST00000470044,protein_coding,True,True,True,True,True,26.5,False
NANOS2,,,cancer-testis antigen,ENSG00000188425,CTpedia;daSilva2017,True,False,Approved,True,False,testis,0.875,0.875,1.0,1.0,ENST00000341294,protein_coding,True,True,True,True,True,3.5,False
PASD1,,,cancer-testis antigen,ENSG00000166049,CTpedia;CTexploreR_CT;daSilva2017,True,False,Enhanced,True,False,placenta; testis,1.0,1.0,1.0,1.0,ENST00000370357,protein_coding,True,True,True,True,True,15.6,False
PIWIL1,,,cancer-testis antigen,ENSG00000125207,CTpedia;daSilva2017;daSilva2017_protein,True,False,Enhanced,False,False,testis,0.9305,0.9305,0.9976,0.9976,ENST00000245255,protein_coding,True,True,True,True,True,41.5,False
RAD21L1,,,cancer-testis antigen,ENSG00000244588,CTpedia;CTexploreR_CT;daSilva2017,True,False,Approved,True,False,testis,0.9043,0.9043,1.0,1.0,ENST00000402452,protein_coding,True,True,True,True,True,10.4,False
SMC1B,,,cancer-testis antigen,ENSG00000077935,CTpedia;daSilva2017;daSilva2017_protein,True,False,Enhanced,True,False,testis,0.9743,0.9744,1.0,1.0,ENST00000357450,protein_coding,True,True,True,True,True,30.2,False
SYCE2,,,cancer-testis antigen,ENSG00000161860,CTpedia;daSilva2017,True,False,Enhanced,False,True,testis,0.4486,0.4643,0.8286,0.8328,ENST00000293695,protein_coding,True,False,False,False,True,25.9,False
SYCP3,,,cancer-testis antigen,ENSG00000139351,CTpedia;CTexploreR_CTP;daSilva2017,True,False,Enhanced,True,False,testis,0.9586,0.9586,1.0,1.0,ENST00000392927,protein_coding,True,True,True,True,True,80.5,False
TEX14,,,cancer-testis antigen,ENSG00000121101,CTpedia;CTexploreR_CTP;daSilva2017,True,False,Enhanced,False,False,testis,0.7472,0.7472,0.974,0.974,ENST00000389934,protein_coding,True,True,True,False,True,26.2,False
UTF1,,,cancer-testis antigen,ENSG00000171794,CTpedia;daSilva2017,True,False,Enhanced,True,False,testis,0.913,0.913,1.0,1.0,ENST00000304477,protein_coding,True,True,True,True,True,5.8,False
ZPBP,,,cancer-testis antigen,ENSG00000042813,CTpedia;daSilva2017,True,False,Enhanced,False,False,testis,0.956,0.956,0.9754,0.9754,ENST00000046087,protein_coding,True,True,True,False,True,138.9,False
ZPBP2,,,cancer-testis antigen,ENSG00000186075,CTpedia;CTexploreR_CTP;daSilva2017,True,False,Enhanced,True,False,testis,0.9556,0.9556,1.0,1.0,ENST00000348931,protein_coding,True,True,True,True,True,92.5,False
C1orf94,,,cancer-testis antigen,ENSG00000142698,CTexploreR_CT;daSilva2017,no data,no data,no data,True,False,no data,0.819,0.819,1.0,1.0,ENST00000373374,protein_coding,True,True,True,True,True,19.0,False
ZC3H11B,,,cancer-testis antigen,ENSG00000215817,CTexploreR_CT,no data,no data,no data,True,False,no data,0.5052,0.5052,1.0,1.0,ENST00000651890,protein_coding,True,True,True,True,True,4.8,False
WDR64,,,cancer-testis antigen,ENSG00000162843,CTexploreR_CT;daSilva2017,no data,no data,no data,True,False,no data,0.8966,0.8966,1.0,1.0,ENST00000437684,protein_coding,True,True,True,True,True,2.3,False
POTEF,,,cancer-testis antigen,ENSG00000196604,CTexploreR_CT;daSilva2017;daSilva2017_protein,no data,no data,no data,True,False,no data,0.7826,0.7826,1.0,1.0,ENST00000409914,protein_coding,True,True,True,True,True,1.7,True
COX7B2,,,cancer-testis antigen,ENSG00000170516,CTexploreR_CT;daSilva2017,no data,no data,no data,True,False,no data,0.9976,0.9976,1.0,1.0,ENST00000355591,protein_coding,True,True,True,True,True,83.4,False
RBM46,,,cancer-testis antigen,ENSG00000151962,CTexploreR_CT;daSilva2017,no data,no data,no data,True,False,no data,0.9573,0.9574,1.0,1.0,ENST00000281722,protein_coding,True,True,True,True,True,26.8,False
TRIML2,,,cancer-testis antigen,ENSG00000179046,CTexploreR_CT;daSilva2017,no data,no data,no data,True,False,no data,0.8767,0.8767,1.0,1.0,ENST00000682553,protein_coding,True,True,True,True,True,3.9,False
RFPL4B,,,cancer-testis antigen,ENSG00000251258,CTexploreR_CT;daSilva2017,no data,no data,no data,True,False,no data,0.8636,0.8636,1.0,1.0,ENST00000441065,protein_coding,True,True,True,True,True,1.6,True
ZNF722,,,cancer-testis antigen,ENSG00000241149,CTexploreR_CT,no data,no data,no data,True,False,no data,0.9444,0.9444,1.0,1.0,ENST00000330020,protein_coding,True,True,True,True,True,1.7,True
DCAF4L2,,,cancer-testis antigen,ENSG00000176566,CTexploreR_CT;daSilva2017;daSilva2017_protein,True,False,Uncertain,True,False,testis,1.0,1.0,1.0,1.0,ENST00000319675,protein_coding,True,True,True,True,True,20.7,False
TEX48,,,cancer-testis antigen,ENSG00000230601,CTexploreR_CT,no data,no data,no data,True,False,no data,0.9923,0.9923,1.0,1.0,ENST00000436752,protein_coding,True,True,True,True,True,25.7,False
TUBA3C,,,cancer-testis antigen,ENSG00000198033,CTexploreR_CT;daSilva2017;daSilva2017_protein,no data,no data,no data,True,False,no data,0.9952,0.9952,1.0,1.0,ENST00000400113,protein_coding,True,True,True,True,True,393.6,False
CBY2,,,cancer-testis antigen,ENSG00000174015,CTexploreR_CT,True,False,Enhanced,True,False,testis,0.9948,0.9948,1.0,1.0,ENST00000310521,protein_coding,True,True,True,True,True,96.3,False
GARIN2,,,cancer-testis antigen,ENSG00000172717,CTexploreR_CT,no data,no data,no data,True,False,no data,0.883,0.8835,1.0,1.0,ENST00000612183,protein_coding,True,True,True,True,True,23.3,False
GOLGA6L7,,,cancer-testis antigen,ENSG00000261649,CTexploreR_CT,no data,no data,no data,True,False,no data,0.9441,0.9441,1.0,1.0,ENST00000567390,protein_coding,True,True,True,True,True,27.0,False
PRDM7,,,cancer-testis antigen,ENSG00000126856,CTexploreR_CT;daSilva2017,True,False,Approved,True,False,testis,1.0,1.0,1.0,1.0,ENST00000449207,protein_coding,True,True,True,True,True,1.0,False
CHCT1,,,cancer-testis antigen,ENSG00000141371,CTexploreR_CT,True,False,Enhanced,True,False,testis,0.9676,0.9677,1.0,1.0,ENST00000461535,protein_coding,True,True,True,True,True,131.5,False
POTEC,,,cancer-testis antigen,ENSG00000183206,CTexploreR_CT;daSilva2017,no data,no data,no data,True,False,no data,1.0,1.0,1.0,1.0,ENST00000358970,protein_coding,True,True,True,True,True,2.4,False
ZNF729,,,cancer-testis antigen,ENSG00000196350,CTexploreR_CT;daSilva2017,no data,no data,no data,True,False,no data,0.95,0.95,1.0,1.0,ENST00000601693,protein_coding,True,True,True,True,True,1.9,True
ZNF723,,,cancer-testis antigen,ENSG00000268696,CTexploreR_CT,no data,no data,no data,True,False,no data,0.8293,0.8293,1.0,1.0,ENST00000600766,protein_coding,True,True,True,True,True,3.3,False
GFY,,,cancer-testis antigen,ENSG00000261949,CTexploreR_CT,no data,no data,no data,True,False,no data,0.52,0.52,1.0,1.0,ENST00000576655,protein_coding,True,True,True,True,True,1.3,True
CSTL1,,,cancer-testis antigen,ENSG00000125823,CTexploreR_CT;daSilva2017,no data,no data,no data,True,False,no data,0.9444,0.9444,1.0,1.0,ENST00000246020,protein_coding,True,True,True,True,True,1.7,True
VCX3A,,,cancer-testis antigen,ENSG00000169059,CTexploreR_CT;daSilva2017,True,False,Supported,True,False,testis,0.9255,0.9255,1.0,1.0,ENST00000381089,protein_coding,True,True,True,True,True,53.3,False
VCX,,,cancer-testis antigen,ENSG00000182583,CTexploreR_CT;daSilva2017,True,False,Supported,True,False,testis,0.9078,0.9078,1.0,1.0,ENST00000381059,protein_coding,True,True,True,True,True,32.5,False
VCX3B,,,cancer-testis antigen,ENSG00000205642,CTexploreR_CT;daSilva2017,True,False,Supported,True,False,testis,0.8812,0.8812,1.0,1.0,ENST00000381032,protein_coding,True,True,True,True,True,14.1,False
PPP4R3C,,,cancer-testis antigen,ENSG00000224960,CTexploreR_CT,no data,no data,no data,True,False,no data,1.0,1.0,1.0,1.0,ENST00000412172,protein_coding,True,True,True,True,True,1.8,True
DCAF8L2,,,cancer-testis antigen,ENSG00000189186,CTexploreR_CT;daSilva2017,no data,no data,no data,True,False,no data,1.0,1.0,1.0,1.0,ENST00000451261,protein_coding,True,True,True,True,True,19.3,False
SSX5,,,cancer-testis antigen,ENSG00000165583,CTexploreR_CT;daSilva2017,True,False,Supported,False,False,testis,0.2667,0.2667,1.0,1.0,ENST00000347757,protein_coding,True,True,True,True,True,0.4,False
CXorf49,,,cancer-testis antigen,ENSG00000215115,CTexploreR_CT;daSilva2017;daSilva2017_protein,no data,no data,no data,True,False,no data,1.0,1.0,1.0,1.0,ENST00000535490,protein_coding,True,True,True,True,True,3.3,False
CXorf49B,,,cancer-testis antigen,ENSG00000215113,CTexploreR_CT;daSilva2017,no data,no data,no data,True,False,no data,1.0,1.0,1.0,1.0,ENST00000542739,protein_coding,True,True,True,True,True,4.6,False
TGIF2LX,,,cancer-testis antigen,ENSG00000153779,CTexploreR_CT;daSilva2017,True,False,Supported,True,False,testis,1.0,1.0,1.0,1.0,ENST00000283891,protein_coding,True,True,True,True,True,8.5,False
ESX1,,,cancer-testis antigen,ENSG00000123576,CTexploreR_CT;daSilva2017,True,False,Enhanced,True,False,testis,1.0,1.0,1.0,1.0,ENST00000372588,protein_coding,True,True,True,True,True,8.6,False
TEX13C,,,cancer-testis antigen,ENSG00000282815,CTexploreR_CT,no data,no data,no data,True,False,no data,1.0,1.0,1.0,1.0,ENST00000695841,protein_coding,True,True,True,True,True,1.6,True
CT55,,,cancer-testis antigen,ENSG00000169551,CTexploreR_CT,no data,no data,no data,True,False,no data,0.6981,0.6981,1.0,1.0,ENST00000276241,protein_coding,True,True,True,True,True,3.7,False
CT45A10,,,cancer-testis antigen,ENSG00000269586,CTexploreR_CT;daSilva2017,True,False,Supported,False,False,testis,0.5882,0.5882,0.9278,0.9278,ENST00000682849,protein_coding,True,True,False,False,True,9.0,False
CXorf51B,,,cancer-testis antigen,ENSG00000235699,CTexploreR_CT;daSilva2017,no data,no data,no data,True,False,no data,0.9993,0.9993,1.0,1.0,ENST00000438525,protein_coding,True,True,True,True,True,145.8,False
VCY,,,cancer-testis antigen,ENSG00000129864,CTexploreR_CT;daSilva2017,True,False,Supported,True,False,testis,1.0,1.0,1.0,1.0,ENST00000250825,protein_coding,True,True,True,True,True,58.3,False
VCY1B,,,cancer-testis antigen,ENSG00000129862,CTexploreR_CT;daSilva2017,True,False,Supported,True,False,testis,1.0,1.0,1.0,1.0,ENST00000250823,protein_coding,True,True,True,True,True,55.6,False
RBMY1B,,,cancer-testis antigen,ENSG00000242875,CTexploreR_CT;daSilva2017;daSilva2017_protein,True,False,Supported,False,False,testis,1.0,1.0,1.0,1.0,ENST00000383020,protein_coding,True,True,True,True,True,0.2,False
RBMY1A1,,,cancer-testis antigen,ENSG00000234414,CTexploreR_CT;daSilva2017;daSilva2017_protein,True,False,Supported,True,False,testis,1.0,1.0,1.0,1.0,ENST00000382707,protein_coding,True,True,True,True,True,8.3,False
RBMY1E,,,cancer-testis antigen,ENSG00000242389,CTexploreR_CT;daSilva2017;daSilva2017_protein,True,False,Supported,True,False,testis,1.0,1.0,1.0,1.0,ENST00000382658,protein_coding,True,True,True,True,True,2.5,False
AKNAD1,,,cancer-testis antigen,ENSG00000162641,CTexploreR_CTP;daSilva2017,no data,no data,no data,True,False,no data,1.0,1.0,1.0,1.0,ENST00000357393,protein_coding,True,True,True,True,True,4.7,False
DCAF4L1,,,cancer-testis antigen,ENSG00000182308,CTexploreR_CTP;daSilva2017,True,False,Enhanced,False,False,testis,0.7067,0.7067,0.9959,0.9959,ENST00000333141,protein_coding,True,True,True,True,True,24.0,False
NAA11,,,cancer-testis antigen,ENSG00000156269,CTexploreR_CTP;daSilva2017;daSilva2017_protein,True,False,Approved,True,False,placenta; testis,0.8929,0.8929,1.0,1.0,ENST00000286794,protein_coding,True,True,True,True,True,6.0,False
OOEP,,,cancer-testis antigen,ENSG00000203907,CTexploreR_CTP,True,False,Approved,False,False,ovary,0.6331,0.6331,0.953,0.953,ENST00000370363,protein_coding,True,True,True,False,True,13.8,False
TMEM270,,,cancer-testis antigen,ENSG00000175877,CTexploreR_CTP,no data,no data,no data,True,False,no data,0.9742,0.9742,1.0,1.0,ENST00000320531,protein_coding,True,True,True,True,True,75.4,False
ANKRD7,,,cancer-testis antigen,ENSG00000106013,CTexploreR_CTP;daSilva2017,no data,no data,no data,False,False,no data,0.9835,0.9835,0.9989,0.9989,ENST00000477532,protein_coding,True,True,True,True,True,834.8,False
RNF148,,,cancer-testis antigen,ENSG00000235631,CTexploreR_CTP;daSilva2017,no data,no data,no data,True,False,no data,0.8872,0.8872,1.0,1.0,ENST00000434824,protein_coding,True,True,True,True,True,47.9,False
GARIN1B,,,cancer-testis antigen,ENSG00000135248,CTexploreR_CTP,no data,no data,no data,False,False,no data,0.9194,0.9194,1.0,1.0,ENST00000485070,protein_coding,True,True,True,True,True,91.3,False
TMEM210,,,cancer-testis antigen,ENSG00000185863,CTexploreR_CTP;daSilva2017,True,False,Enhanced,False,False,testis,0.8324,0.8324,0.973,0.973,ENST00000413619,protein_coding,True,True,True,False,True,14.4,False
C12orf42,,,cancer-testis antigen,ENSG00000179088,CTexploreR_CTP,no data,no data,no data,False,True,no data,0.8227,0.8333,1.0,1.0,ENST00000378113,protein_coding,True,True,True,True,True,16.7,False
CCDC196,,,cancer-testis antigen,ENSG00000196553,CTexploreR_CTP,no data,no data,no data,True,False,no data,0.9815,0.9815,1.0,1.0,ENST00000636229,protein_coding,True,True,True,True,True,5.3,False
LRRC36,,,cancer-testis antigen,ENSG00000159708,CTexploreR_CTP,True,False,Enhanced,False,False,testis,0.775,0.775,0.8731,0.8731,ENST00000329956,protein_coding,True,False,False,False,True,34.3,False
DPEP3,,,cancer-testis antigen,ENSG00000141096,CTexploreR_CTP;daSilva2017;daSilva2017_protein,True,False,Enhanced,False,False,testis,0.8255,0.8259,0.9641,0.9641,ENST00000672962,protein_coding,True,True,True,False,True,45.7,False
FBXO39,,,cancer-testis antigen,ENSG00000177294,CTexploreR_CTP;daSilva2017,no data,no data,no data,True,False,no data,0.8575,0.8579,1.0,1.0,ENST00000321535,protein_coding,True,True,True,True,True,29.5,False
C17orf50,,,cancer-testis antigen,ENSG00000270806,CTexploreR_CTP;daSilva2017,no data,no data,no data,False,False,no data,0.9303,0.9303,0.999,0.999,ENST00000605587,protein_coding,True,True,True,True,True,102.7,False
MEIOC,,,cancer-testis antigen,ENSG00000180336,CTexploreR_CTP,True,False,Enhanced,False,False,testis,0.6686,0.6686,0.9094,0.9094,ENST00000409122,protein_coding,True,True,False,False,True,46.2,False
C20orf141,,,cancer-testis antigen,ENSG00000258713,CTexploreR_CTP;daSilva2017,no data,no data,no data,False,False,no data,0.9688,0.9688,0.9953,0.9953,ENST00000603872,protein_coding,True,True,True,True,True,126.6,False
EFCAB8,,,cancer-testis antigen,ENSG00000215529,CTexploreR_CTP,no data,no data,no data,True,False,no data,0.5323,0.5397,1.0,1.0,ENST00000400522,protein_coding,True,True,True,True,True,3.3,False
GAGE12C,,,cancer-testis antigen,ENSG00000237671,CTexploreR_CTP;daSilva2017,True,False,Supported,True,False,testis,1.0,1.0,1.0,1.0,ENST00000420398,protein_coding,True,True,True,True,True,23.0,False
GAGE12F,,,cancer-testis antigen,ENSG00000236362,CTexploreR_CTP;daSilva2017;daSilva2017_protein,True,False,Supported,False,False,testis,0.9121,0.9121,0.9281,0.9281,ENST00000639028,protein_coding,True,True,False,False,True,103.3,False
TKTL1,,,cancer-testis antigen,ENSG00000007350,CTexploreR_CTP;daSilva2017;daSilva2017_protein,True,False,Enhanced,False,False,testis,0.8927,0.893,0.9703,0.9703,ENST00000369915,protein_coding,True,True,True,False,True,123.4,False
ANKRD60,,,cancer-testis antigen,ENSG00000124227,daSilva2017_protein,no data,no data,no data,True,False,no data,0.8537,0.8537,1.0,1.0,ENST00000457363,protein_coding,True,True,True,True,True,3.5,False
AXDND1,,,cancer-testis antigen,ENSG00000162779,daSilva2017_protein;CTexploreR_CTP,False,False,Enhanced,True,False,bronchus; fallopian tube; nasopharynx; testis,0.85,0.85,1.0,1.0,ENST00000617277,protein_coding,True,True,True,True,False,15.3,False
TLCD3A,C17orf104,,cancer-testis antigen,ENSG00000167695,daSilva2017_protein,no data,no data,no data,False,True,no data,0.0618,0.0713,0.0642,0.0725,ENST00000308278,protein_coding,False,False,False,False,False,69.7,False
C9orf131,,,cancer-testis antigen,ENSG00000174038,daSilva2017_protein,no data,no data,no data,False,False,no data,0.59,0.5907,0.8657,0.8657,ENST00000354479,protein_coding,True,False,False,False,False,34.8,False
KASH5,CCDC155,,cancer-testis antigen,ENSG00000161609,daSilva2017_protein,False,False,Enhanced,False,False,adrenal gland; appendix; bone marrow; breast; bronchus; caudate; cerebellum; cerebral cortex; cervix; colon; duodenum; endometrium 1; endometrium 2; epididymis; esophagus; fallopian tube; gallbladder; heart muscle; hippocampus; kidney; liver; lung; lymph node; nasopharynx; ovary; pancreas; parathyroid gland; placenta; prostate; rectum; salivary gland; seminal vesicle; skeletal muscle; skin 1; skin 2; small intestine; smooth muscle; stomach 1; stomach 2; testis; thyroid gland; tonsil; urinary bladder,0.7124,0.7124,0.7507,0.7507,ENST00000447857,protein_coding,False,False,False,False,False,53.0,False
CCDC168,,,cancer-testis antigen,ENSG00000175820,daSilva2017_protein,no data,no data,no data,True,False,no data,0.9773,0.9773,1.0,1.0,ENST00000322527,protein_coding,True,True,True,True,True,8.6,False
CCDC63,,,cancer-testis antigen,ENSG00000173093,daSilva2017_protein,no data,no data,no data,False,False,no data,0.8,0.8,0.8889,0.8889,ENST00000545036,protein_coding,True,False,False,False,False,16.8,False
CDRT15,,,cancer-testis antigen,ENSG00000223510,daSilva2017_protein;CTexploreR_CT,no data,no data,no data,False,False,no data,0.5526,0.5526,0.8354,0.8354,ENST00000420162,protein_coding,True,False,False,False,False,20.3,False
CERS3,,,cancer-testis antigen,ENSG00000154227,daSilva2017_protein,False,False,Approved,False,False,adrenal gland; appendix; bone marrow; breast; bronchus; cerebellum; cerebral cortex; cervix; colon; duodenum; endometrium 1; endometrium 2; epididymis; esophagus; fallopian tube; gallbladder; heart muscle; kidney; nasopharynx; parathyroid gland; placenta; skeletal muscle; skin 1; skin 2; stomach 1; testis; thyroid gland; tonsil; urinary bladder; vagina,0.0851,0.0868,0.0898,0.0898,ENST00000284382,protein_coding,False,False,False,False,False,62.0,False
CFHR5,,,cancer-testis antigen,ENSG00000134389,daSilva2017_protein,True,False,Supported,False,False,not detected,0.0,0.0,0.0062,0.0062,ENST00000699466,protein_coding,False,False,False,False,False,162.0,False
CSHL1,,,cancer-testis antigen,ENSG00000204414,daSilva2017_protein,False,False,Enhanced,True,False,pituitary gland; placenta,0.9851,0.9851,1.0,1.0,ENST00000259003,protein_coding,True,True,True,True,False,145.3,False
CSN3,,,cancer-testis antigen,ENSG00000171209,daSilva2017_protein,False,False,Enhanced,False,False,breast; lactating breast,0.0005,0.0007,0.0024,0.0024,ENST00000689459,protein_coding,False,False,False,False,False,350.7,False
CSNK1A1L,,,cancer-testis antigen,ENSG00000180138,daSilva2017_protein,no data,no data,no data,True,False,no data,0.8095,0.8095,1.0,1.0,ENST00000379800,protein_coding,True,True,True,True,True,3.4,False
CT45A1,,,cancer-testis antigen,ENSG00000268940,daSilva2017_protein;CTexploreR_CT,False,False,Supported,True,False,skin 2; testis,0.6744,0.6744,1.0,1.0,ENST00000594565,protein_coding,True,True,True,True,False,11.6,False
CT45A3,,,cancer-testis antigen,ENSG00000269096,daSilva2017_protein;CTexploreR_CT,False,False,Supported,False,False,heart muscle; testis,0.4182,0.4182,0.6571,0.6571,ENST00000598716,protein_coding,False,False,False,False,False,9.2,False
CTAG2,,,cancer-testis antigen,ENSG00000126890,daSilva2017_protein;CTexploreR_CT,True,False,Enhanced,False,True,testis,0.3485,0.3955,0.537,0.5745,ENST00000247306,protein_coding,False,False,False,False,False,10.1,False
CYP11B1,,,cancer-testis antigen,ENSG00000160882,daSilva2017_protein,False,False,Supported,False,False,adrenal gland,0.0012,0.0012,0.0011,0.0011,ENST00000292427,protein_coding,False,False,False,False,False,3571.8,False
ENDOV,,,cancer-testis antigen,ENSG00000173818,daSilva2017_protein,no data,no data,no data,False,True,no data,0.0778,0.0874,0.0818,0.0904,ENST00000518137,protein_coding,False,False,False,False,False,25.5,False
EXD1,,,cancer-testis antigen,ENSG00000178997,daSilva2017_protein,no data,no data,no data,True,False,no data,0.8896,0.8896,1.0,1.0,ENST00000458580,protein_coding,True,True,True,True,True,14.5,False
FABP12,,,cancer-testis antigen,ENSG00000197416,daSilva2017_protein,False,False,Enhanced,False,False,breast; bronchus; caudate; cerebral cortex; hippocampus; nasopharynx; ovary; skeletal muscle; testis; thyroid gland,0.1051,0.1051,0.1143,0.1143,ENST00000692030,protein_coding,False,False,False,False,False,54.5,False
FAM25C,,,cancer-testis antigen,ENSG00000276430,daSilva2017_protein,no data,no data,no data,False,False,no data,0.0,0.0033,0.0089,0.0089,ENST00000617224,protein_coding,False,False,False,False,False,42.2,False
FAM25G,,,cancer-testis antigen,ENSG00000189090,daSilva2017_protein,no data,no data,no data,False,False,no data,0.0,0.0042,0.0115,0.0115,ENST00000452267,protein_coding,False,False,False,False,False,41.9,False
GARIN4,FAM71E2,,cancer-testis antigen,ENSG00000162771,daSilva2017_protein,True,False,Enhanced,True,False,testis,0.9611,0.9611,1.0,1.0,ENST00000294829,protein_coding,True,True,True,True,True,76.5,False
FANCA,,,cancer-testis antigen,ENSG00000187741,daSilva2017_protein,no data,no data,no data,False,True,no data,0.1652,0.1902,0.2175,0.2436,ENST00000568369,protein_coding,False,False,False,False,False,21.0,False
FUT5,,,cancer-testis antigen,ENSG00000130383,daSilva2017_protein,no data,no data,no data,False,False,no data,0.2222,0.2222,1.0,1.0,ENST00000588525,protein_coding,True,True,True,True,True,0.5,True
GAGE12G,,,cancer-testis antigen,ENSG00000215269,daSilva2017_protein,True,False,Supported,False,False,testis,0.8972,0.8972,0.9246,0.9246,ENST00000445148,protein_coding,True,True,False,False,True,60.1,False
GAGE2E,,,cancer-testis antigen,ENSG00000275113,daSilva2017_protein;CTexploreR_CTP,True,False,Approved,False,False,testis,0.5801,0.5801,0.6241,0.6241,ENST00000621907,protein_coding,False,False,False,False,False,25.4,False
GAPDHS,,,cancer-testis antigen,ENSG00000105679,daSilva2017_protein;CTexploreR_CTP,True,False,Enhanced,False,False,testis,0.7374,0.7374,0.7944,0.7944,ENST00000222286,protein_coding,False,False,False,False,False,262.3,False
GOLGA6A,,,cancer-testis antigen,ENSG00000159289,daSilva2017_protein,True,False,Supported,False,False,testis,0.7914,0.7914,0.9245,0.9245,ENST00000290438,protein_coding,True,True,False,False,True,14.7,False
GOLGA6B,,,cancer-testis antigen,ENSG00000215186,daSilva2017_protein,True,False,Supported,False,False,testis,0.56,0.56,0.6863,0.6863,ENST00000421285,protein_coding,False,False,False,False,False,7.0,False
GOLGA6C,,,cancer-testis antigen,ENSG00000167195,daSilva2017_protein,True,False,Supported,False,False,testis,0.5939,0.5939,0.776,0.776,ENST00000300576,protein_coding,False,False,False,False,False,9.7,False
GOLGA6D,,,cancer-testis antigen,ENSG00000140478,daSilva2017_protein,True,False,Supported,True,False,testis,0.9213,0.9213,1.0,1.0,ENST00000434739,protein_coding,True,True,True,True,True,11.7,False
GOLGA6L6,,,cancer-testis antigen,ENSG00000277322,daSilva2017_protein,no data,no data,no data,True,False,no data,1.0,1.0,1.0,1.0,ENST00000619213,protein_coding,True,True,True,True,True,5.0,False
GPX5,,,cancer-testis antigen,ENSG00000224586,daSilva2017_protein,no data,no data,no data,False,False,no data,0.1321,0.1321,0.1489,0.1489,ENST00000412168,protein_coding,False,False,False,False,False,9.0,False
H1-1,HIST1H1A,,cancer-testis antigen,ENSG00000124610,daSilva2017_protein,False,False,Enhanced,False,False,cervix; endometrium 1; epididymis; esophagus; gallbladder; kidney; nasopharynx; oral mucosa; ovary; skin 1; testis; tonsil; urinary bladder; vagina,0.5,0.5,1.0,1.0,ENST00000244573,protein_coding,True,True,True,True,False,0.1,False
H1-6,HIST1H1T,,cancer-testis antigen,ENSG00000187475,daSilva2017_protein,True,False,Enhanced,True,False,testis,0.6667,0.6667,1.0,1.0,ENST00000338379,protein_coding,True,True,True,True,True,1.0,False
H2BC1,HIST1H2BA,,cancer-testis antigen,ENSG00000146047,daSilva2017_protein,True,False,Enhanced,True,False,testis,0.9688,0.9688,1.0,1.0,ENST00000274764,protein_coding,True,True,True,True,True,6.2,False
H2BC3,HIST1H2BB,,cancer-testis antigen,ENSG00000276410,daSilva2017_protein,False,False,Supported,False,True,adipose tissue; adrenal gland; appendix; bone marrow; breast; bronchus; caudate; cerebellum; cerebral cortex; cervix; colon; duodenum; endometrium 1; endometrium 2; epididymis; esophagus; fallopian tube; gallbladder; heart muscle; hippocampus; kidney; liver; lung; lymph node; nasopharynx; oral mucosa; ovary; pancreas; parathyroid gland; placenta; prostate; rectum; salivary gland; seminal vesicle; skeletal muscle; skin 1; skin 2; small intestine; smooth muscle; soft tissue 1; soft tissue 2; spleen; stomach 1; stomach 2; testis; thyroid gland; tonsil; urinary bladder; vagina,0.3333,0.4694,1.0,1.0,ENST00000615966,protein_coding,True,True,True,True,False,1.3,False
H4C6,HIST1H4F,,cancer-testis antigen,ENSG00000274618,daSilva2017_protein,False,False,Supported,False,False,adipose tissue; appendix; bone marrow; breast; bronchus; caudate; cerebellum; cerebral cortex; cervix; colon; duodenum; endometrium 1; endometrium 2; epididymis; esophagus; fallopian tube; gallbladder; heart muscle; hippocampus; kidney; liver; lung; lymph node; nasopharynx; oral mucosa; ovary; pancreas; parathyroid gland; placenta; prostate; rectum; salivary gland; seminal vesicle; skeletal muscle; skin 1; skin 2; small intestine; smooth muscle; soft tissue 1; soft tissue 2; spleen; stomach 1; stomach 2; testis; thyroid gland; tonsil; urinary bladder; vagina,0.1176,0.375,1.0,1.0,ENST00000244537,protein_coding,True,True,True,True,False,0.8,False
HMGB4,,,cancer-testis antigen,ENSG00000176256,daSilva2017_protein,True,False,Enhanced,True,False,testis,0.9997,0.9997,1.0,1.0,ENST00000519684,protein_coding,True,True,True,True,True,361.1,False
HNRNPCL1,,,cancer-testis antigen,ENSG00000179172,daSilva2017_protein,no data,no data,no data,False,False,no data,1.0,1.0,1.0,1.0,ENST00000317869,protein_coding,True,True,True,True,True,0.1,True
HNRNPCL2,,,cancer-testis antigen,ENSG00000275774,daSilva2017_protein,no data,no data,no data,False,False,no data,,,1.0,1.0,ENST00000621994,protein_coding,True,True,True,True,True,0.0,True
IGF2BP1,,,cancer-testis antigen,ENSG00000159217,daSilva2017_protein,False,False,Enhanced,False,False,bronchus; kidney; ovary; testis,0.8319,0.8319,0.978,0.978,ENST00000290341,protein_coding,True,True,True,False,False,5.3,False
IGLL1,,,cancer-testis antigen,ENSG00000128322,daSilva2017_protein;CTexploreR_CTP,False,False,Enhanced,False,True,bone marrow; testis,0.2433,0.3108,0.2593,0.323,ENST00000330377,protein_coding,False,False,False,False,False,69.3,False
IL4I1,,,cancer-testis antigen,ENSG00000104951,daSilva2017_protein,False,False,Enhanced,False,True,appendix; bone marrow; bronchus; cerebellum; colon; duodenum; fallopian tube; kidney; lung; lymph node; nasopharynx; placenta; rectum; skin 1; skin 2; small intestine; spleen; testis; tonsil,0.2336,0.2534,0.3206,0.338,ENST00000341114,protein_coding,False,False,False,False,False,26.0,False
KIF24,,,cancer-testis antigen,ENSG00000186638,daSilva2017_protein,no data,no data,no data,False,True,no data,0.2396,0.298,0.5798,0.6409,ENST00000402558,protein_coding,False,False,False,False,False,10.9,False
KIF4B,,,cancer-testis antigen,ENSG00000226650,daSilva2017_protein,no data,no data,no data,True,False,no data,1.0,1.0,1.0,1.0,ENST00000435029,protein_coding,True,True,True,True,True,3.4,False
KRT28,,,cancer-testis antigen,ENSG00000173908,daSilva2017_protein,False,False,Enhanced,False,False,hair,0.016,0.016,0.0885,0.0885,ENST00000306658,protein_coding,False,False,False,False,False,11.3,False
KRTAP13-1,,,cancer-testis antigen,ENSG00000198390,daSilva2017_protein,no data,no data,no data,False,False,no data,0.0222,0.0222,0.1149,0.1149,ENST00000355459,protein_coding,False,False,False,False,False,8.7,False
KRTAP9-2,,,cancer-testis antigen,ENSG00000239886,daSilva2017_protein,no data,no data,no data,False,False,no data,0.0031,0.0031,0.0315,0.0315,ENST00000377721,protein_coding,False,False,False,False,False,31.7,False
LALBA,,,cancer-testis antigen,ENSG00000167531,daSilva2017_protein,False,False,Enhanced,False,False,lactating breast,0.001,0.001,0.001,0.001,ENST00000549817,protein_coding,False,False,False,False,False,2109.2,False
NLRP10,,,cancer-testis antigen,ENSG00000182261,daSilva2017_protein,False,False,Uncertain,False,False,adipose tissue; adrenal gland; appendix; bone marrow; breast; bronchus; caudate; cerebellum; cerebral cortex; cervix; colon; duodenum; endometrium 1; endometrium 2; epididymis; esophagus; fallopian tube; gallbladder; heart muscle; hippocampus; kidney; liver; lung; lymph node; nasopharynx; oral mucosa; ovary; pancreas; parathyroid gland; placenta; prostate; rectum; salivary gland; seminal vesicle; skeletal muscle; skin 1; skin 2; small intestine; soft tissue 1; soft tissue 2; spleen; stomach 1; stomach 2; testis; thyroid gland; tonsil; urinary bladder; vagina,0.0286,0.0286,0.1923,0.1923,ENST00000691676,protein_coding,False,False,False,False,False,4.8,False
NT5C1B-RDH14,,,cancer-testis antigen,ENSG00000250741,daSilva2017_protein,no data,no data,no data,True,False,no data,0.9938,0.9938,1.0,1.0,ENST00000444297,protein_coding,True,True,True,True,True,16.1,False
NUTM2F,,,cancer-testis antigen,ENSG00000130950,daSilva2017_protein,no data,no data,no data,True,False,no data,0.9,0.9,1.0,1.0,ENST00000253262,protein_coding,True,True,True,True,True,1.8,True
PABPC3,,,cancer-testis antigen,ENSG00000151846,daSilva2017_protein;CTexploreR_CTP,False,False,Approved,True,False,appendix; bone marrow; caudate; cerebellum; cerebral cortex; colon; duodenum; esophagus; gallbladder; hippocampus; lymph node; rectum; salivary gland; seminal vesicle; skin 2; small intestine; stomach 1; testis; tonsil; urinary bladder,0.7939,0.7939,1.0,1.0,ENST00000281589,protein_coding,True,True,True,True,False,35.7,False
PBK,,,cancer-testis antigen,ENSG00000168078,daSilva2017_protein,False,False,Enhanced,False,True,lymph node; placenta; testis; tonsil,0.4077,0.4709,0.4704,0.5334,ENST00000301905,protein_coding,False,False,False,False,False,68.2,False
PCDHA13,,,cancer-testis antigen,ENSG00000239389,daSilva2017_protein,no data,no data,no data,False,False,no data,0.0309,0.0309,0.2041,0.2041,ENST00000289272,protein_coding,False,False,False,False,False,3.4,False
PCDHA4,,,cancer-testis antigen,ENSG00000204967,daSilva2017_protein,False,False,Approved,False,False,appendix; breast; bronchus; cerebellum; cerebral cortex; colon; duodenum; epididymis; fallopian tube; gallbladder; hippocampus; kidney; nasopharynx; pancreas; rectum; seminal vesicle; small intestine; stomach 2; testis; tonsil; urinary bladder,0.0242,0.0288,0.3125,0.3125,ENST00000530339,protein_coding,False,False,False,False,False,2.0,False
PCDHA5,,,cancer-testis antigen,ENSG00000204965,daSilva2017_protein,False,False,Approved,False,False,caudate; cerebellum; cerebral cortex; hippocampus,0.037,0.037,0.2564,0.2564,ENST00000529859,protein_coding,False,False,False,False,False,2.8,False
PCDHA8,,,cancer-testis antigen,ENSG00000204962,daSilva2017_protein,no data,no data,no data,False,False,no data,0.0556,0.0556,0.5556,0.5556,ENST00000531613,protein_coding,False,False,False,False,False,1.8,True
PCDHA9,,,cancer-testis antigen,ENSG00000204961,daSilva2017_protein,no data,no data,no data,True,False,no data,0.2292,0.2292,1.0,1.0,ENST00000532602,protein_coding,True,True,True,True,True,1.1,True
PDHA2,,,cancer-testis antigen,ENSG00000163114,daSilva2017_protein,True,False,Approved,True,False,testis,1.0,1.0,1.0,1.0,ENST00000295266,protein_coding,True,True,True,True,True,58.4,False
PGK2,,,cancer-testis antigen,ENSG00000170950,daSilva2017_protein,True,False,Supported,True,False,ovary; testis,0.9974,0.9974,1.0,1.0,ENST00000304801,protein_coding,True,True,True,True,True,194.1,False
PIK3R3,,,cancer-testis antigen,ENSG00000117461,daSilva2017_protein,False,False,Approved,False,True,adipose tissue; adrenal gland; appendix; bone marrow; breast; bronchus; caudate; cerebellum; cerebral cortex; cervix; colon; duodenum; endometrium 1; endometrium 2; epididymis; fallopian tube; gallbladder; hippocampus; kidney; liver; lung; lymph node; nasopharynx; oral mucosa; pancreas; parathyroid gland; placenta; rectum; salivary gland; seminal vesicle; skin 1; skin 2; small intestine; soft tissue 1; soft tissue 2; spleen; stomach 1; stomach 2; testis; thyroid gland; tonsil; urinary bladder; vagina,0.071,0.0871,0.0736,0.0893,ENST00000420542,protein_coding,False,False,False,False,False,45.2,False
PKMYT1,,,cancer-testis antigen,ENSG00000127564,daSilva2017_protein,no data,no data,no data,False,True,no data,0.3004,0.3322,0.3692,0.4012,ENST00000431515,protein_coding,False,False,False,False,False,55.3,False
POTEG,,,cancer-testis antigen,ENSG00000187537,daSilva2017_protein,no data,no data,no data,False,False,no data,0.4211,0.4211,0.9091,0.9091,ENST00000547848,protein_coding,True,True,False,False,False,1.1,True
PRH1,,,cancer-testis antigen,ENSG00000231887,daSilva2017_protein,no data,no data,no data,False,False,no data,0.177,0.1773,0.1903,0.1903,ENST00000538332,protein_coding,False,False,False,False,False,229.6,False
RBMXL2,,,cancer-testis antigen,ENSG00000170748,daSilva2017_protein,True,False,Enhanced,True,False,testis,0.9887,0.9887,1.0,1.0,ENST00000306904,protein_coding,True,True,True,True,True,34.9,False
RBMY1D,,,cancer-testis antigen,ENSG00000244395,daSilva2017_protein,True,False,Supported,True,False,testis,1.0,1.0,1.0,1.0,ENST00000382680,protein_coding,True,True,True,True,True,1.3,False
RBMY1F,,,cancer-testis antigen,ENSG00000169800,daSilva2017_protein,True,False,Supported,True,False,testis,1.0,1.0,1.0,1.0,ENST00000454978,protein_coding,True,True,True,True,True,3.1,False
RGPD4,,,cancer-testis antigen,ENSG00000196862,daSilva2017_protein,no data,no data,no data,False,False,no data,0.3814,0.4,1.0,1.0,ENST00000408999,protein_coding,True,True,True,True,True,3.6,False
RPL10L,,,cancer-testis antigen,ENSG00000165496,daSilva2017_protein;CTexploreR_CTP,no data,no data,no data,False,False,no data,0.9361,0.9361,0.9675,0.9675,ENST00000298283,protein_coding,True,True,True,False,False,89.4,False
SIX6,,,cancer-testis antigen,ENSG00000184302,daSilva2017_protein,False,False,Approved,False,False,pituitary gland; retina,0.0027,0.0027,0.0284,0.0284,ENST00000327720,protein_coding,False,False,False,False,False,27.7,False
SKA3,,,cancer-testis antigen,ENSG00000165480,daSilva2017_protein,False,False,Approved,False,True,epididymis; testis,0.201,0.3769,0.2939,0.5208,ENST00000314759,protein_coding,False,False,False,False,False,11.8,False
SLC25A52,,,cancer-testis antigen,ENSG00000141437,daSilva2017_protein,no data,no data,no data,True,False,no data,0.8145,0.8145,1.0,1.0,ENST00000269205,protein_coding,True,True,True,True,True,10.1,False
SPA17,,,cancer-testis antigen,ENSG00000064199,daSilva2017_protein,False,False,Enhanced,False,True,bronchus; endometrium 1; endometrium 2; epididymis; fallopian tube; kidney; nasopharynx; testis,0.4689,0.4717,0.5152,0.5169,ENST00000532692,protein_coding,False,False,False,False,False,224.8,False
SPATA33,,,cancer-testis antigen,ENSG00000167523,daSilva2017_protein,False,False,Enhanced,False,True,appendix; breast; bronchus; colon; duodenum; epididymis; fallopian tube; kidney; nasopharynx; rectum; small intestine; stomach 1; testis,0.3123,0.3186,0.3527,0.3575,ENST00000301031,protein_coding,False,False,False,False,False,110.8,False
STK31,,,cancer-testis antigen,ENSG00000196335,daSilva2017_protein;CTexploreR_CTP,False,False,Enhanced,False,False,ovary; stomach 1; testis,0.865,0.8652,0.9936,0.9936,ENST00000355870,protein_coding,True,True,True,True,False,62.2,False
STKLD1,,,cancer-testis antigen,ENSG00000198870,daSilva2017_protein,no data,no data,no data,True,False,no data,0.5405,0.5405,1.0,1.0,ENST00000371957,protein_coding,True,True,True,True,True,9.7,False
SYCE1L,,,cancer-testis antigen,ENSG00000205078,daSilva2017_protein,no data,no data,no data,False,False,no data,0.2309,0.2334,0.3337,0.3337,ENST00000378644,protein_coding,False,False,False,False,False,22.8,False
TAF1L,,,cancer-testis antigen,ENSG00000122728,daSilva2017_protein,no data,no data,no data,False,False,no data,0.5,0.5,0.7273,0.7273,ENST00000242310,protein_coding,False,False,False,False,False,1.6,True
TDRD12,,,cancer-testis antigen,ENSG00000173809,daSilva2017_protein;CTexploreR_CTP,no data,no data,no data,False,False,no data,0.5627,0.566,0.8634,0.8634,ENST00000639142,protein_coding,True,False,False,False,False,13.9,False
TMCO5A,,,cancer-testis antigen,ENSG00000166069,daSilva2017_protein,True,False,Enhanced,True,False,testis,0.9843,0.9843,1.0,1.0,ENST00000559502,protein_coding,True,True,True,True,True,106.5,False
TTK,,,cancer-testis antigen,ENSG00000112742,daSilva2017_protein,False,False,Enhanced,False,True,appendix; bone marrow; breast; bronchus; caudate; cerebral cortex; cervix; colon; duodenum; endometrium 1; endometrium 2; epididymis; esophagus; fallopian tube; gallbladder; hippocampus; kidney; lung; lymph node; oral mucosa; ovary; pancreas; parathyroid gland; placenta; prostate; rectum; salivary gland; seminal vesicle; skeletal muscle; skin 1; skin 2; small intestine; soft tissue 1; spleen; stomach 1; stomach 2; testis; thyroid gland; tonsil; urinary bladder; vagina,0.2901,0.4711,0.3496,0.5437,ENST00000509894,protein_coding,False,False,False,False,False,45.4,False
TUBA3E,,,cancer-testis antigen,ENSG00000152086,daSilva2017_protein;CTexploreR_CTP,no data,no data,no data,False,False,no data,0.7356,0.7356,0.7547,0.7547,ENST00000312988,protein_coding,False,False,False,False,False,170.4,False
WFDC11,,,cancer-testis antigen,ENSG00000180083,daSilva2017_protein,no data,no data,no data,False,False,no data,0.0477,0.0477,0.0495,0.0495,ENST00000356562,protein_coding,False,False,False,False,False,91.7,False
YBX2,,,cancer-testis antigen,ENSG00000006047,daSilva2017_protein,True,False,Enhanced,False,False,testis,0.913,0.913,0.958,0.958,ENST00000007699,protein_coding,True,True,True,False,True,535.8,False
ZC2HC1B,,,cancer-testis antigen,ENSG00000118491,daSilva2017_protein,no data,no data,no data,True,False,no data,0.9416,0.9416,1.0,1.0,ENST00000237275,protein_coding,True,True,True,True,True,14.4,False
ZNF560,,,cancer-testis antigen,ENSG00000198028,daSilva2017_protein;CTexploreR_CTP,no data,no data,no data,False,False,no data,0.7701,0.7701,0.8571,0.8571,ENST00000301480,protein_coding,True,False,False,False,False,6.0,False
